
INSERT INTO SECURITY_USER (ID, USERNAME, PASSWORD, FIRSTNAME, LASTNAME, ENABLED, LASTPASSWORDRESETDATE) VALUES (1, 'admin', '$2a$08$lDnHPz7eUkSi6ao14Twuau08mzhWrL4kyZGGU5xfiGALO/Vxd5DOi', 'admin', 'admin', true, TIMESTAMP '2016-01-01 10:10:10-05:00');
INSERT INTO SECURITY_USER (ID, USERNAME, PASSWORD, FIRSTNAME, LASTNAME, ENABLED, LASTPASSWORDRESETDATE) VALUES (2, 'user', '$2a$08$UkVvwpULis18S19S5pZFn.YHPZt3oaqHZnDwqbCW9pft6uFtkXKDC', 'user', 'user', true, TIMESTAMP '2016-01-01 10:10:10-05:00');
INSERT INTO SECURITY_USER (ID, USERNAME, PASSWORD, FIRSTNAME, LASTNAME, ENABLED, LASTPASSWORDRESETDATE) VALUES (3, 'disabled', '$2a$08$UkVvwpULis18S19S5pZFn.YHPZt3oaqHZnDwqbCW9pft6uFtkXKDC', 'user', 'user', false, TIMESTAMP '2016-01-01 10:10:10-05:00');

INSERT INTO AUTHORITY (ID, NAME) VALUES (1, 'ROLE_USER');
INSERT INTO AUTHORITY (ID, NAME) VALUES (2, 'ROLE_ADMIN');

INSERT INTO USER_AUTHORITY (USER_ID, AUTHORITY_ID) VALUES (1, 1);
INSERT INTO USER_AUTHORITY (USER_ID, AUTHORITY_ID) VALUES (1, 2);
INSERT INTO USER_AUTHORITY (USER_ID, AUTHORITY_ID) VALUES (2, 1);
INSERT INTO USER_AUTHORITY (USER_ID, AUTHORITY_ID) VALUES (3, 1);


INSERT INTO CAREER(CODE, NAME) VALUES ('10', 'Ingeniría Informática');

INSERT INTO SUBJECT (CODE, NAME) VALUES ('75.74', 'Sistemas Distribuidos I');
INSERT INTO COURSE (CODE,VACANCIES,SUBJECT_CODE) VALUES ('75.74.01', 30, '75.74');
INSERT INTO CLASS (ID,DAY, STARTING_TIME, ENDING_TIME, TYPE,COURSE_CODE) VALUES (1,'LU', '18:00', '21:00','TPO','75.74.01');
INSERT INTO CLASS (ID,DAY, STARTING_TIME, ENDING_TIME, TYPE,COURSE_CODE) VALUES (2,'MA', '18:00', '21:00','TPO','75.74.01');


INSERT INTO SUBJECT (CODE, NAME) VALUES ('66.71', 'Sistemas Gráficos');
INSERT INTO COURSE (CODE,VACANCIES,SUBJECT_CODE) VALUES ('66.71.01', 30, '66.71');
INSERT INTO CLASS (ID,DAY, STARTING_TIME, ENDING_TIME, TYPE,COURSE_CODE) VALUES (3,'LU', '16:00', '19:00','TO','66.71.01');
INSERT INTO CLASS (ID,DAY, STARTING_TIME, ENDING_TIME, TYPE,COURSE_CODE) VALUES (4,'VIE', '16:00', '19:00','PO','66.71.01');

INSERT INTO CAREER_SUBJECT (CAREER_CODE, SUBJECT_CODE) VALUES ('10', '75.74');
INSERT INTO CAREER_SUBJECT (CAREER_CODE, SUBJECT_CODE) VALUES ('10', '66.71');



INSERT INTO SYSTEM_USER(ID, user_name, first_name,last_name, CAREER_CODE) VALUES(1, 'admin', 'Jonathan', 'Tierno', '10');


